--Database population
INSERT INTO MarcaBagcart (Marca, Modelo, Capacidad) VALUES
('Beltoldi', 2016, 10),
('Carttec', 2014, 15),
('Handle-it', 2012, 30),
('Makro Aero', 2018, 20);

INSERT INTO Bagcart (ID, Marca, Modelo) VALUES
('10000', 'Beltoldi', 2016),
('10001', 'Beltoldi', 2016),
('10002', 'Carttec', 2014),
('10003', 'Handle-it', 2012),
('10004', 'Makro Aero', 2018);

INSERT INTO Vuelo (ID, Precio) VALUES
('10000', 700),
('10001', 750),
('10002', 660),
('10003', 800),
('10004', 555),
('10005', 400),
('10006', 500),
('10007', 700),
('10008', 700),
('10009', 700),
('10010', 700),
('10011', 700),
('10012', 700),
('10013', 700),
('10014', 700),
('10015', 700),
('10016', 700),
('10017', 700),
('10018', 700),
('10019', 700),
('10020', 700),
('10021', 700),
('10022', 700),
('10023', 700),
('10024', 700),
('10025', 700),
('10026', 700),
('10027', 700),
('10028', 700),
('10029', 700),
('10030', 700),
('10031', 700),
('10032', 700),
('10033', 700),
('10034', 700),
('10035', 700),
('10036', 700),
('10037', 700),
('10038', 700),
('10039', 700),
('10040', 700),
('10041', 700),
('10042', 700),
('10043', 700),
('10044', 700),
('10045', 700),
('10046', 700),
('10047', 700),
('10048', 700),
('10049', 700),
('10050', 700);

INSERT INTO Aeropuerto (Codigo, Locacion) VALUES
('SJO','San Jose Costa Rica'),
('LAS','Las Vegas United States'),
('LAX','Los Angeles United States'),
('MDE','Medellin Colombia'),
('FRS','Santa Flores Guatemala'),
('GIG','Rio De Janeiro Brazil'),
('GAO','Guantanamo Cuba'),
('GDL','Guadalajara Mexico'),
('HUX','Huatulco Mexico'),
('JAL','Jalapa Mexico'),
('DTM','Dortmund Germany'),
('BOC','Bocas Del Toro Panama'),
('BOG','Bogota Colombia'),
('BOS','Boston United States'),
('BPS','Porto Brazil'),
('BUE','Buenos Aires Argentina'),
('MGA','Managua Nicaragua'),
('ESR','El Salvador Chile'),
('ESM','Esmeraldas Ecuador'),
('ESS','Essen Germany'),
('LCE','La Ceiba Honduras'),
('LCG','La Coruna Spain'),
('LCY','London United Kingdom'),
('YTZ','Toronto Canada'),
('CXH','Vancouver Canada'),
('CCS','Caracas Venezuela'),
('KIN','Kingston Jamaica'),
('LPB','La Paz Bolivia'),
('GEO','Georgetown Guyana'),
('GHT','Ghat Libya'),
('GJL','Jijel Algeria'),
('GLA','Glasgow United Kingdom'),
('GLF','Golfito Costa Rica'),
('GLN','Goulimime Morocco'),
('GMP','Seoul South Korea'),
('GMZ','San Sebas de la Gomera Spain'),
('GND','Maurice Grenada'),
('GPS','Galapagos Ecuador'),
('GRB','Green Bay United States'),
('GRJ','George South Africa'),
('GXG','Negage Angola'),
('GYE','Jose Joaquin de Olmedo Ecuador');

INSERT INTO Avion (ID, Modelo, Capacidad) VALUES 
('1000', 'Boeing 747', 18),
('1001', 'Boeing 747', 18),
('1002', 'Boeing 777', 25),
('1003', 'Airbus A340', 20),
('1004', 'Boeing 767', 30),
('1005', 'Boeing 767', 30);

INSERT INTO Escala (Numero, VueloID, AvionID, ASalida, ALlegada, Millas, FSalida, FLlegada) VALUES 
(0, '10000', '1000', 'SJO', 'LAX', 100, '2019-06-30 10:30', '2019-06-30 16:30'),
(0, '10001', '1001', 'SJO', 'LAS', 100, '2019-06-30 10:30', '2019-06-30 16:30'),
(0, '10002', '1002', 'SJO', 'MDE', 80, '2019-06-30 14:30', '2019-06-30 16:30'),
(0, '10003', '1004', 'SJO', 'ESR', 150, '2019-07-02 10:30', '2019-07-02 20:30'),
(0, '10004', '1005', 'SJO', 'GLF', 20, '2019-07-03 07:30', '2019-07-03 09:30'),
(0, '10005', '1000', 'SJO', 'LAX', 100, '2019-06-30 10:30', '2019-06-30 16:30'),
(0, '10006', '1001', 'SJO', 'LAX', 100, '2019-06-30 10:30', '2019-06-30 16:30'),
(0, '10007', '1002', 'SJO', 'LAX', 100, '2019-06-30 10:30', '2019-06-30 16:30'),
(0, '10008', '1004', 'SJO', 'LAX', 100, '2019-06-30 10:30', '2019-06-30 16:30'),
(0, '10009', '1005', 'SJO', 'LAX', 100, '2019-06-30 10:30', '2019-06-30 16:30'),
(0, '10010', '1003', 'SJO', 'LAX', 100, '2019-06-30 10:30', '2019-06-30 16:30'),
(0, '10011', '1001', 'SJO', 'LAX', 100, '2019-06-30 10:30', '2019-06-30 16:30'),
(0, '10012', '1002', 'SJO', 'LAX', 100, '2019-06-30 10:30', '2019-06-30 16:30'),
(0, '10013', '1003', 'SJO', 'LAX', 100, '2019-06-30 10:30', '2019-06-30 16:30'),
(0, '10014', '1004', 'SJO', 'LAX', 100, '2019-06-30 10:30', '2019-06-30 16:30'),
(0, '10015', '1005', 'SJO', 'LAX', 100, '2019-06-30 10:30', '2019-06-30 16:30'),
(0, '10016', '1000', 'SJO', 'LAX', 100, '2019-06-30 10:30', '2019-06-30 16:30'),
(0, '10017', '1001', 'SJO', 'LAX', 100, '2019-06-30 10:30', '2019-06-30 16:30'),
(0, '10018', '1002', 'SJO', 'LAX', 100, '2019-06-30 10:30', '2019-06-30 16:30'),
(0, '10019', '1003', 'SJO', 'LAX', 100, '2019-06-30 10:30', '2019-06-30 16:30'),
(0, '10020', '1004', 'SJO', 'LAX', 100, '2019-06-30 10:30', '2019-06-30 16:30'),
(0, '10021', '1005', 'SJO', 'LAX', 100, '2019-06-30 10:30', '2019-06-30 16:30'),
(0, '10022', '1001', 'SJO', 'LAX', 100, '2019-06-30 10:30', '2019-06-30 16:30'),
(0, '10023', '1000', 'SJO', 'LAX', 100, '2019-06-30 10:30', '2019-06-30 16:30'),
(0, '10024', '1002', 'SJO', 'LAX', 100, '2019-06-30 10:30', '2019-06-30 16:30'),
(0, '10025', '1003', 'SJO', 'LAX', 100, '2019-06-30 10:30', '2019-06-30 16:30'),
(0, '10026', '1004', 'SJO', 'LAX', 100, '2019-06-30 10:30', '2019-06-30 16:30'),
(0, '10027', '1005', 'SJO', 'LAX', 100, '2019-06-30 10:30', '2019-06-30 16:30'),
(0, '10028', '1000', 'SJO', 'LAX', 100, '2019-06-30 10:30', '2019-06-30 16:30'),
(0, '10029', '1001', 'SJO', 'LAX', 100, '2019-06-30 10:30', '2019-06-30 16:30'),
(0, '10030', '1002', 'SJO', 'LAX', 100, '2019-06-30 10:30', '2019-06-30 16:30'),
(0, '10031', '1003', 'SJO', 'LAX', 100, '2019-06-30 10:30', '2019-06-30 16:30'),
(0, '10032', '1004', 'SJO', 'LAX', 100, '2019-06-30 10:30', '2019-06-30 16:30'),
(0, '10033', '1005', 'SJO', 'LAX', 100, '2019-06-30 10:30', '2019-06-30 16:30'),
(0, '10034', '1000', 'SJO', 'LAX', 100, '2019-06-30 10:30', '2019-06-30 16:30'),
(0, '10035', '1001', 'SJO', 'LAX', 100, '2019-06-30 10:30', '2019-06-30 16:30'),
(0, '10036', '1002', 'SJO', 'LAX', 100, '2019-06-30 10:30', '2019-06-30 16:30'),
(0, '10037', '1003', 'SJO', 'LAX', 100, '2019-06-30 10:30', '2019-06-30 16:30'),
(0, '10038', '1004', 'SJO', 'LAX', 100, '2019-06-30 10:30', '2019-06-30 16:30'),
(0, '10039', '1005', 'SJO', 'LAX', 100, '2019-06-30 10:30', '2019-06-30 16:30'),
(0, '10040', '1000', 'SJO', 'LAX', 100, '2019-06-30 10:30', '2019-06-30 16:30'),
(0, '10041', '1001', 'SJO', 'LAX', 100, '2019-06-30 10:30', '2019-06-30 16:30'),
(0, '10042', '1002', 'SJO', 'LAX', 100, '2019-06-30 10:30', '2019-06-30 16:30'),
(0, '10043', '1003', 'SJO', 'LAX', 100, '2019-06-30 10:30', '2019-06-30 16:30'),
(0, '10044', '1004', 'SJO', 'LAX', 100, '2019-06-30 10:30', '2019-06-30 16:30'),
(0, '10045', '1005', 'SJO', 'LAX', 100, '2019-06-30 10:30', '2019-06-30 16:30'),
(0, '10046', '1000', 'SJO', 'LAX', 100, '2019-06-30 10:30', '2019-06-30 16:30'),
(0, '10047', '1001', 'SJO', 'LAX', 100, '2019-06-30 10:30', '2019-06-30 16:30'),
(0, '10048', '1002', 'SJO', 'LAX', 100, '2019-06-30 10:30', '2019-06-30 16:30'),
(0, '10049', '1003', 'SJO', 'LAX', 100, '2019-06-30 10:30', '2019-06-30 16:30'),
(0, '10050', '1004', 'SJO', 'LAX', 100, '2019-06-30 10:30', '2019-06-30 16:30');

INSERT INTO Maleta (Numero, BagcartID, PasajeroID, Costo, Revisado, Peso) VALUES
(1000000, '10001', 'M00000000', 20, false, 30),
(1000001, '10001', 'G00000000', 24, false, 32),
(1000002, '10002', 'Y00000000', 20, false, 30);

INSERT INTO Viaja (PasajeroID, VueloID) VALUES 
('M00000000', '10000'),
('G00000000', '10001'),
('Y00000000', '10002');